algoritmo,origem,destino,encontrou_caminho,caminho,custo_total,num_nos_caminho,num_nos_visitados,num_iteracoes,tempo_execucao,nos_expandidos,consumo_memoria,tempo_execucao_medio,tempo_desvio_padrao,consumo_memoria_medio,consumo_memoria_desvio_padrao,num_execucoes
BFS,A,K,True,A -[20.00]-> H -[7.00]-> I -[25.00]-> M -[20.00]-> K,72,5,11,4,3.62396240234375e-05,11,1360,4.010200500488281e-05,5.254412292606515e-06,1360,0.0,5
DFS,A,K,True,A -[20.00]-> H -[7.00]-> I -[25.00]-> B -[14.00]-> C -[18.00]-> F -[23.00]-> K,107,7,8,6,4.2438507080078125e-05,8,1328,4.15802001953125e-05,3.820653080751444e-06,1328,0.0,5
B.Gananciosa,A,K,True,A -[20.00]-> H -[7.00]-> I -[25.00]-> M -[20.00]-> K,72,5,5,4,5.817413330078125e-05,5,1296,4.4345855712890625e-05,8.148196931188136e-06,1296,0.0,5
AEstrela,A,K,True,A -[r:20.00+52.00 | h:20.00+33.77]-> H -[r:7.00+45.00 | h:7.00+33.96]-> I -[r:25.00+20.00 | h:25.00+19.45]-> M -[r:20.00 | h:19.45]-> K,72,5,6,4,4.3392181396484375e-05,6,1296,4.286766052246094e-05,8.0312033582371e-06,1296,0.0,5
Dijkstra,A,K,True,A -[20.00]-> H -[7.00]-> I -[25.00]-> M -[20.00]-> K,72,5,9,4,4.553794860839844e-05,9,1360,4.4965744018554686e-05,5.693663300224102e-06,1360,0.0,5
