algoritmo,origem,destino,encontrou_caminho,caminho,custo_total,num_nos_caminho,num_nos_visitados,num_iteracoes,tempo_execucao,nos_expandidos,consumo_memoria,tempo_execucao_medio,tempo_desvio_padrao,consumo_memoria_medio,consumo_memoria_desvio_padrao,num_execucoes
BFS,A,J,True,A -[20.00]-> H -[7.00]-> I -[25.00]-> M -[31.00]-> J,83,5,10,4,3.814697265625e-05,10,1360,4.2057037353515626e-05,8.822453935618162e-06,1360,0.0,5
DFS,A,J,True,A -[20.00]-> H -[7.00]-> I -[25.00]-> B -[14.00]-> C -[18.00]-> F -[23.00]-> K -[11.00]-> J,118,8,10,7,4.76837158203125e-05,10,1392,4.668235778808594e-05,6.43597695178213e-06,1392,0.0,5
B.Gananciosa,A,J,True,A -[11.00]-> L -[15.00]-> H -[7.00]-> I -[25.00]-> M -[31.00]-> J,89,6,6,5,4.029273986816406e-05,6,1328,4.200935363769531e-05,3.908174336937788e-06,1328,0.0,5
AEstrela,A,J,True,A -[r:20.00+63.00 | h:20.00+44.99]-> H -[r:7.00+56.00 | h:7.00+43.86]-> I -[r:25.00+31.00 | h:25.00+30.19]-> M -[r:31.00 | h:30.19]-> J,83,5,7,4,4.076957702636719e-05,7,1296,4.46319580078125e-05,2.5975592040948577e-06,1296,0.0,5
Dijkstra,A,J,True,A -[20.00]-> H -[7.00]-> I -[25.00]-> M -[31.00]-> J,83,5,11,4,5.078315734863281e-05,11,1360,5.321502685546875e-05,3.101274975110836e-06,1360,0.0,5
