algoritmo,origem,destino,encontrou_caminho,caminho,custo_total,num_nos_caminho,num_nos_visitados,num_iteracoes,tempo_execucao,nos_expandidos,consumo_memoria,tempo_execucao_medio,tempo_desvio_padrao,consumo_memoria_medio,consumo_memoria_desvio_padrao,num_execucoes
BFS,H,J,True,H -[7.00]-> I -[25.00]-> M -[31.00]-> J,63,4,10,3,3.933906555175781e-05,10,1264,4.353523254394531e-05,1.6323056001443645e-05,1264,0.0,5
DFS,H,J,True,H -[7.00]-> I -[25.00]-> B -[14.00]-> C -[18.00]-> F -[23.00]-> K -[11.00]-> J,98,7,10,6,4.935264587402344e-05,10,1392,4.544258117675781e-05,5.087318410255632e-06,1392,0.0,5
B.Gananciosa,H,J,True,H -[7.00]-> I -[25.00]-> M -[31.00]-> J,63,4,5,3,3.7670135498046875e-05,5,1200,3.643035888671875e-05,4.8110955259816885e-06,1200,0.0,5
AEstrela,H,J,True,H -[r:7.00+56.00 | h:7.00+43.86]-> I -[r:25.00+31.00 | h:25.00+30.19]-> M -[r:31.00 | h:30.19]-> J,63,4,6,3,4.7206878662109375e-05,6,1200,5.373954772949219e-05,1.0408274961055166e-05,1200,0.0,5
Dijkstra,H,J,True,H -[7.00]-> I -[25.00]-> M -[31.00]-> J,63,4,11,3,4.553794860839844e-05,11,1264,5.502700805664063e-05,2.4748147106390574e-05,1264,0.0,5
