algoritmo,origem,destino,encontrou_caminho,caminho,custo_total,num_nos_caminho,num_nos_visitados,num_iteracoes,tempo_execucao,nos_expandidos,tempo_execucao_medio,tempo_desvio_padrao,num_execucoes
BFS,A,J,True,A -[20.00]-> H -[7.00]-> I -[25.00]-> M -[31.00]-> J,83,5,10,4,4.029273986816406e-05,10,3.972053527832031e-05,1.9631565904845143e-06,5
DFS,A,J,True,A -[20.00]-> H -[7.00]-> I -[25.00]-> B -[14.00]-> C -[18.00]-> F -[23.00]-> K -[11.00]-> J,118,8,10,7,4.4345855712890625e-05,10,4.291534423828125e-05,2.9442522609778567e-06,5
B.Gananciosa,A,J,True,A -[11.00]-> L -[15.00]-> H -[7.00]-> I -[25.00]-> M -[31.00]-> J,89,6,6,5,4.172325134277344e-05,6,4.0435791015625e-05,3.477970605623335e-06,5
A*,A,J,True,A -[r:20.00+63.00 | h:20.00+44.99]-> H -[r:7.00+56.00 | h:7.00+43.86]-> I -[r:25.00+31.00 | h:25.00+30.19]-> M -[r:31.00 | h:30.19]-> J,83,5,7,4,4.553794860839844e-05,7,4.4298171997070315e-05,7.672856633232428e-06,5
Dijkstra,A,J,True,A -[20.00]-> H -[7.00]-> I -[25.00]-> M -[31.00]-> J,83,5,11,4,6.127357482910156e-05,11,6.222724914550781e-05,3.3886904935632777e-05,5
