algoritmo,origem,destino,encontrou_caminho,caminho,custo_total,num_nos_caminho,num_nos_visitados,num_iteracoes,tempo_execucao,nos_expandidos,tempo_execucao_medio,tempo_desvio_padrao,num_execucoes
BFS,H,G,True,H -[7.00]-> I -[25.00]-> M -[17.00]-> G,49,4,9,3,4.1961669921875e-05,9,4.3010711669921876e-05,3.306204689206853e-06,5
DFS,H,G,True,H -[20.00]-> A -[15.00]-> B -[14.00]-> C -[21.00]-> E -[23.00]-> J -[31.00]-> M -[17.00]-> G,141,8,8,7,4.601478576660156e-05,8,4.763603210449219e-05,1.7633306586361499e-06,5
B.Gananciosa,H,G,True,H -[7.00]-> I -[25.00]-> M -[17.00]-> G,49,4,4,3,5.602836608886719e-05,4,4.2486190795898435e-05,8.306073529132925e-06,5
A*,H,G,True,H -[r:7.00+42.00 | h:7.00+15.61]-> I -[r:25.00+17.00 | h:25.00+16.55]-> M -[r:17.00 | h:16.55]-> G,49,4,5,3,4.553794860839844e-05,5,5.178451538085937e-05,2.0077760670333536e-05,5
Dijkstra,H,G,True,H -[7.00]-> I -[25.00]-> M -[17.00]-> G,49,4,8,3,5.745887756347656e-05,8,5.035400390625e-05,6.10742592721862e-06,5
