algoritmo,origem,destino,encontrou_caminho,caminho,custo_total,num_nos_caminho,num_nos_visitados,num_iteracoes,tempo_execucao,nos_expandidos,tempo_execucao_medio,tempo_desvio_padrao,num_execucoes
BFS,H,G,True,H -[7.00]-> I -[25.00]-> M -[17.00]-> G,49,4,9,3,4.982948303222656e-05,9,3.92913818359375e-05,6.293076347886218e-06,5
DFS,H,G,True,H -[7.00]-> I -[25.00]-> B -[14.00]-> C -[18.00]-> F -[18.00]-> G,82,6,7,5,3.647804260253906e-05,7,3.428459167480469e-05,5.219134633068896e-06,5
B.Gananciosa,H,G,True,H -[7.00]-> I -[25.00]-> M -[17.00]-> G,49,4,4,3,3.4809112548828125e-05,4,3.0422210693359374e-05,6.200258395870648e-06,5
AEstrela,H,G,True,H -[r:7.00+42.00 | h:7.00+15.61]-> I -[r:25.00+17.00 | h:25.00+16.55]-> M -[r:17.00 | h:16.55]-> G,49,4,5,3,3.552436828613281e-05,5,3.8671493530273435e-05,4.106755699576216e-06,5
Dijkstra,H,G,True,H -[7.00]-> I -[25.00]-> M -[17.00]-> G,49,4,8,3,4.696846008300781e-05,8,4.076957702636719e-05,3.9895058943465975e-06,5
