algoritmo,origem,destino,encontrou_caminho,caminho,custo_total,num_nos_caminho,num_nos_visitados,num_iteracoes,tempo_execucao,nos_expandidos,tempo_execucao_medio,tempo_desvio_padrao,num_execucoes
BFS,A,J,True,A -[15.00]-> B -[14.00]-> C -[21.00]-> E -[23.00]-> J,73,5,12,4,5.698204040527344e-05,12,7.147789001464844e-05,5.7785256779863726e-05,5
DFS,A,J,True,A -[15.00]-> B -[14.00]-> C -[21.00]-> E -[23.00]-> J,73,5,5,4,3.552436828613281e-05,5,3.3903121948242185e-05,4.072005068967584e-06,5
B.Gananciosa,A,J,True,A -[11.00]-> L -[15.00]-> H -[7.00]-> I -[25.00]-> M -[31.00]-> J,89,6,6,5,4.9591064453125e-05,6,4.9114227294921875e-05,5.5735920560650634e-06,5
A*,A,J,True,A -[r:15.00+58.00 | h:15.00+49.67]-> B -[r:14.00+44.00 | h:14.00+44.00]-> C -[r:21.00+23.00 | h:21.00+22.38]-> E -[r:23.00 | h:22.38]-> J,73,5,8,4,5.602836608886719e-05,8,5.316734313964844e-05,2.5843958125923634e-06,5
Dijkstra,A,J,True,A -[15.00]-> B -[14.00]-> C -[21.00]-> E -[23.00]-> J,73,5,13,4,7.796287536621094e-05,13,6.232261657714843e-05,1.1887025305104578e-05,5
