algoritmo,origem,destino,encontrou_caminho,caminho,custo_total,num_nos_caminho,num_nos_visitados,num_iteracoes,tempo_execucao,nos_expandidos,consumo_memoria,tempo_execucao_medio,tempo_desvio_padrao,consumo_memoria_medio,consumo_memoria_desvio_padrao,num_execucoes
BFS,H,G,True,H -[7.00]-> I -[25.00]-> M -[17.00]-> G,49,4,9,3,4.172325134277344e-05,9,1264,4.0864944458007814e-05,3.01860895834282e-06,1264,0.0,5
DFS,H,G,True,H -[7.00]-> I -[25.00]-> B -[14.00]-> C -[18.00]-> F -[18.00]-> G,82,6,7,5,4.315376281738281e-05,7,1328,3.972053527832031e-05,2.1825394613925567e-06,1328,0.0,5
B.Gananciosa,H,G,True,H -[7.00]-> I -[25.00]-> M -[17.00]-> G,49,4,4,3,4.124641418457031e-05,4,656,4.3010711669921876e-05,1.5428832409009172e-05,656,0.0,5
AEstrela,H,G,True,H -[r:7.00+42.00 | h:7.00+15.61]-> I -[r:25.00+17.00 | h:25.00+16.55]-> M -[r:17.00 | h:16.55]-> G,49,4,5,3,3.528594970703125e-05,5,1200,3.8290023803710936e-05,3.578662078115234e-06,1200,0.0,5
Dijkstra,H,G,True,H -[7.00]-> I -[25.00]-> M -[17.00]-> G,49,4,8,3,4.982948303222656e-05,8,1200,5.207061767578125e-05,9.485344662841036e-06,1200,0.0,5
