algoritmo,origem,destino,encontrou_caminho,caminho,custo_total,num_nos_caminho,num_nos_visitados,num_iteracoes,tempo_execucao,nos_expandidos,consumo_memoria,tempo_execucao_medio,tempo_desvio_padrao,consumo_memoria_medio,consumo_memoria_desvio_padrao,num_execucoes
BFS,H,G,True,H -[7.00]-> I -[25.00]-> M -[17.00]-> G,49,4,9,3,4.839897155761719e-05,9,1264,4.6539306640625e-05,1.9761434350111102e-06,1264,0.0,5
DFS,H,G,True,H -[7.00]-> I -[25.00]-> B -[14.00]-> C -[18.00]-> F -[18.00]-> G,82,6,7,5,4.38690185546875e-05,7,1328,4.9161911010742185e-05,7.735571538986153e-06,1328,0.0,5
B.Gananciosa,H,G,True,H -[7.00]-> I -[25.00]-> M -[17.00]-> G,49,4,4,3,5.030632019042969e-05,4,656,4.7588348388671874e-05,2.6794260210201835e-06,656,0.0,5
AEstrela,H,G,True,H -[r:7.00+42.00 | h:7.00+15.61]-> I -[r:25.00+17.00 | h:25.00+16.55]-> M -[r:17.00 | h:16.55]-> G,49,4,5,3,0.00010204315185546875,5,1200,6.737709045410157e-05,2.139439790442546e-05,1200,0.0,5
Dijkstra,H,G,True,H -[7.00]-> I -[25.00]-> M -[17.00]-> G,49,4,8,3,5.91278076171875e-05,8,1200,5.908012390136719e-05,1.4145276045028042e-06,1200,0.0,5
