algoritmo,origem,destino,encontrou_caminho,caminho,custo_total,num_nos_caminho,num_nos_visitados,num_iteracoes,tempo_execucao,nos_expandidos,tempo_execucao_medio,tempo_desvio_padrao,num_execucoes
BFS,H,E,True,H -[20.00]-> A -[15.00]-> B -[14.00]-> C -[21.00]-> E,70,5,12,4,4.9114227294921875e-05,12,4.701614379882812e-05,3.3776432856896194e-06,5
DFS,H,E,True,H -[20.00]-> A -[15.00]-> B -[14.00]-> C -[21.00]-> E,70,5,5,4,3.0517578125e-05,5,3.333091735839844e-05,3.7674662161117997e-06,5
B.Gananciosa,H,E,True,H -[7.00]-> I -[25.00]-> B -[14.00]-> C -[21.00]-> E,67,5,5,4,4.553794860839844e-05,5,4.453659057617188e-05,2.1217914067542067e-06,5
A*,H,E,True,H -[r:7.00+60.00 | h:7.00+24.74]-> I -[r:25.00+35.00 | h:25.00+28.12]-> B -[r:14.00+21.00 | h:14.00+20.44]-> C -[r:21.00 | h:20.44]-> E,67,5,9,4,5.602836608886719e-05,9,5.564689636230469e-05,5.081728563044772e-06,5
Dijkstra,H,E,True,H -[7.00]-> I -[25.00]-> B -[14.00]-> C -[21.00]-> E,67,5,13,4,7.677078247070312e-05,13,5.8984756469726564e-05,1.1145399195924917e-05,5
