algoritmo,origem,destino,encontrou_caminho,caminho,custo_total,num_nos_caminho,num_nos_visitados,num_iteracoes,tempo_execucao,nos_expandidos,tempo_execucao_medio,tempo_desvio_padrao,num_execucoes
BFS,A,K,True,A -[20.00]-> H -[7.00]-> I -[25.00]-> M -[20.00]-> K,72,5,11,4,4.0531158447265625e-05,11,4.076957702636719e-05,2.030061050167847e-06,5
DFS,A,K,True,A -[20.00]-> H -[7.00]-> I -[25.00]-> B -[14.00]-> C -[18.00]-> F -[23.00]-> K,107,7,8,6,4.100799560546875e-05,8,3.8242340087890626e-05,3.102191292157013e-06,5
B.Gananciosa,A,K,True,A -[20.00]-> H -[7.00]-> I -[25.00]-> M -[20.00]-> K,72,5,5,4,3.528594970703125e-05,5,3.414154052734375e-05,5.2082318957951155e-06,5
AEstrela,A,K,True,A -[r:20.00+52.00 | h:20.00+33.77]-> H -[r:7.00+45.00 | h:7.00+33.96]-> I -[r:25.00+20.00 | h:25.00+19.45]-> M -[r:20.00 | h:19.45]-> K,72,5,6,4,4.649162292480469e-05,6,4.391670227050781e-05,4.249606354955563e-06,5
Dijkstra,A,K,True,A -[20.00]-> H -[7.00]-> I -[25.00]-> M -[20.00]-> K,72,5,9,4,5.0067901611328125e-05,9,4.9591064453125e-05,2.7131573383190732e-06,5
