algoritmo,origem,destino,encontrou_caminho,caminho,custo_total,num_nos_caminho,num_nos_visitados,num_iteracoes,tempo_execucao,nos_expandidos,tempo_execucao_medio,tempo_desvio_padrao,num_execucoes
BFS,A,E,True,A -[15.00]-> B -[14.00]-> C -[21.00]-> E,50,4,8,3,6.175041198730469e-05,8,4.2057037353515626e-05,1.154743659708437e-05,5
DFS,A,E,True,A -[15.00]-> B -[14.00]-> C -[21.00]-> E,50,4,4,3,3.147125244140625e-05,4,3.018379211425781e-05,5.843930702153599e-06,5
B.Gananciosa,A,E,True,A -[20.00]-> H -[7.00]-> I -[25.00]-> B -[14.00]-> C -[21.00]-> E,87,6,6,5,5.435943603515625e-05,6,5.2309036254882814e-05,4.355953766483032e-06,5
A*,A,E,True,A -[r:15.00+35.00 | h:15.00+28.12]-> B -[r:14.00+21.00 | h:14.00+20.44]-> C -[r:21.00 | h:20.44]-> E,50,4,6,3,8.0108642578125e-05,6,5.5217742919921874e-05,1.5229517457153885e-05,5
Dijkstra,A,E,True,A -[15.00]-> B -[14.00]-> C -[21.00]-> E,50,4,9,3,6.413459777832031e-05,9,6.06536865234375e-05,5.7655902863280635e-06,5
