algoritmo,origem,destino,encontrou_caminho,caminho,custo_total,num_nos_caminho,num_nos_visitados,num_iteracoes,tempo_execucao,nos_expandidos,tempo_execucao_medio,tempo_desvio_padrao,num_execucoes
BFS,H,G,True,H -[7.00]-> I -[25.00]-> M -[17.00]-> G,49,4,9,3,3.910064697265625e-05,9,3.4332275390625e-05,3.666533589179444e-06,5
DFS,H,G,True,H -[7.00]-> I -[25.00]-> B -[14.00]-> C -[18.00]-> F -[18.00]-> G,82,6,7,5,3.2901763916015625e-05,7,3.557205200195312e-05,2.451193459029174e-06,5
B.Gananciosa,H,G,True,H -[7.00]-> I -[25.00]-> M -[17.00]-> G,49,4,4,3,3.910064697265625e-05,4,3.16619873046875e-05,5.612719726893531e-06,5
A*,H,G,True,H -[r:7.00+42.00 | h:7.00+15.61]-> I -[r:25.00+17.00 | h:25.00+16.55]-> M -[r:17.00 | h:16.55]-> G,49,4,5,3,4.482269287109375e-05,5,4.072189331054688e-05,3.059756703787914e-06,5
Dijkstra,H,G,True,H -[7.00]-> I -[25.00]-> M -[17.00]-> G,49,4,8,3,5.626678466796875e-05,8,4.696846008300781e-05,6.965332583423396e-06,5
