algoritmo,origem,destino,encontrou_caminho,caminho,custo_total,num_nos_caminho,num_nos_visitados,num_iteracoes,tempo_execucao,nos_expandidos,tempo_execucao_medio,tempo_desvio_padrao,num_execucoes
BFS,A,J,True,A -[15.00]-> B -[14.00]-> C -[21.00]-> E -[23.00]-> J,73,5,12,4,5.650520324707031e-05,12,4.868507385253906e-05,5.502771049857738e-06,5
DFS,A,J,True,A -[15.00]-> B -[14.00]-> C -[21.00]-> E -[23.00]-> J,73,5,5,4,4.00543212890625e-05,5,3.7050247192382814e-05,3.210251055519567e-06,5
B.Gananciosa,A,J,True,A -[11.00]-> L -[15.00]-> H -[7.00]-> I -[25.00]-> M -[31.00]-> J,89,6,6,5,5.507469177246094e-05,6,5.588531494140625e-05,7.401735411242878e-06,5
A*,A,J,True,A -[r:15.00+58.00 | h:15.00+49.67]-> B -[r:14.00+44.00 | h:14.00+44.00]-> C -[r:21.00+23.00 | h:21.00+22.38]-> E -[r:23.00 | h:22.38]-> J,73,5,8,4,5.9604644775390625e-05,8,7.009506225585938e-05,1.1615414528381147e-05,5
Dijkstra,A,J,True,A -[15.00]-> B -[14.00]-> C -[21.00]-> E -[23.00]-> J,73,5,13,4,6.794929504394531e-05,13,6.494522094726562e-05,8.089735974334902e-06,5
