algoritmo,origem,destino,encontrou_caminho,caminho,custo_total,num_nos_caminho,num_nos_visitados,num_iteracoes,tempo_execucao,nos_expandidos,consumo_memoria,tempo_execucao_medio,tempo_desvio_padrao,consumo_memoria_medio,consumo_memoria_desvio_padrao,num_execucoes
BFS,A,J,True,A -[20.00]-> H -[7.00]-> I -[25.00]-> M -[31.00]-> J,83,5,10,4,6.866455078125e-05,10,1360,5.1355361938476564e-05,1.03039864978666e-05,1360,0.0,5
DFS,A,J,True,A -[20.00]-> H -[7.00]-> I -[25.00]-> B -[14.00]-> C -[18.00]-> F -[23.00]-> K -[11.00]-> J,118,8,10,7,6.0558319091796875e-05,10,1392,4.734992980957031e-05,7.757951526648226e-06,1392,0.0,5
B.Gananciosa,A,J,True,A -[11.00]-> L -[15.00]-> H -[7.00]-> I -[25.00]-> M -[31.00]-> J,89,6,6,5,4.220008850097656e-05,6,1328,3.943443298339844e-05,8.06510534354156e-06,1328,0.0,5
AEstrela,A,J,True,A -[r:20.00+63.00 | h:20.00+44.99]-> H -[r:7.00+56.00 | h:7.00+43.86]-> I -[r:25.00+31.00 | h:25.00+30.19]-> M -[r:31.00 | h:30.19]-> J,83,5,7,4,4.76837158203125e-05,7,1296,5.2309036254882814e-05,4.186266359751504e-06,1296,0.0,5
Dijkstra,A,J,True,A -[20.00]-> H -[7.00]-> I -[25.00]-> M -[31.00]-> J,83,5,11,4,4.744529724121094e-05,11,1360,5.2356719970703124e-05,5.2630597574862995e-06,1360,0.0,5
