algoritmo,origem,destino,encontrou_caminho,caminho,custo_total,num_nos_caminho,num_nos_visitados,num_iteracoes,tempo_execucao,nos_expandidos,tempo_execucao_medio,tempo_desvio_padrao,num_execucoes
BFS,H,J,True,H -[7.00]-> I -[25.00]-> M -[31.00]-> J,63,4,10,3,4.220008850097656e-05,10,4.215240478515625e-05,3.8606145139477295e-06,5
DFS,H,J,True,H -[20.00]-> A -[15.00]-> B -[14.00]-> C -[21.00]-> E -[23.00]-> J,93,6,6,5,5.245208740234375e-05,6,4.215240478515625e-05,7.1712091758205615e-06,5
B.Gananciosa,H,J,True,H -[7.00]-> I -[25.00]-> M -[31.00]-> J,63,4,5,3,4.4345855712890625e-05,5,4.3773651123046874e-05,3.165674453439654e-06,5
A*,H,J,True,H -[r:7.00+56.00 | h:7.00+43.86]-> I -[r:25.00+31.00 | h:25.00+30.19]-> M -[r:31.00 | h:30.19]-> J,63,4,6,3,4.982948303222656e-05,6,4.53948974609375e-05,5.454004133649042e-06,5
Dijkstra,H,J,True,H -[7.00]-> I -[25.00]-> M -[31.00]-> J,63,4,11,3,5.936622619628906e-05,11,6.084442138671875e-05,1.7494465862962565e-05,5
