algoritmo,origem,destino,encontrou_caminho,caminho,custo_total,num_nos_caminho,num_nos_visitados,num_iteracoes,tempo_execucao,nos_expandidos,tempo_execucao_medio,tempo_desvio_padrao,num_execucoes
BFS,L,K,True,L -[15.00]-> H -[7.00]-> I -[25.00]-> M -[20.00]-> K,67,5,13,4,4.9591064453125e-05,13,4.9066543579101565e-05,3.231429411998726e-06,5
DFS,L,K,True,L -[11.00]-> A -[15.00]-> B -[14.00]-> C -[21.00]-> E -[19.00]-> K,80,6,9,5,4.315376281738281e-05,9,4.353523254394531e-05,2.4232055563491654e-06,5
B.Gananciosa,L,K,True,L -[15.00]-> H -[7.00]-> I -[25.00]-> M -[20.00]-> K,67,5,5,4,4.267692565917969e-05,5,4.15802001953125e-05,6.708846328094555e-06,5
A*,L,K,True,L -[r:15.00+52.00 | h:15.00+33.77]-> H -[r:7.00+45.00 | h:7.00+33.96]-> I -[r:25.00+20.00 | h:25.00+19.45]-> M -[r:20.00 | h:19.45]-> K,67,5,7,4,4.982948303222656e-05,7,5.0401687622070314e-05,4.7402746202807076e-06,5
Dijkstra,L,K,True,L -[15.00]-> H -[7.00]-> I -[25.00]-> M -[20.00]-> K,67,5,12,4,6.0558319091796875e-05,12,5.76019287109375e-05,3.441000457527768e-06,5
