algoritmo,origem,destino,encontrou_caminho,caminho,custo_total,num_nos_caminho,num_nos_visitados,num_iteracoes,tempo_execucao,nos_expandidos,tempo_execucao_medio,tempo_desvio_padrao,num_execucoes
BFS,A,K,True,A -[20.00]-> H -[7.00]-> I -[25.00]-> M -[20.00]-> K,72,5,11,4,4.57763671875e-05,11,4.382133483886719e-05,2.7670938763531026e-06,5
DFS,A,K,True,A -[20.00]-> H -[7.00]-> I -[25.00]-> B -[14.00]-> C -[18.00]-> F -[23.00]-> K,107,7,8,6,4.00543212890625e-05,8,4.096031188964844e-05,2.9219653510767996e-06,5
B.Gananciosa,A,K,True,A -[20.00]-> H -[7.00]-> I -[25.00]-> M -[20.00]-> K,72,5,5,4,4.506111145019531e-05,5,4.1151046752929686e-05,6.392108374953354e-06,5
A*,A,K,True,A -[r:20.00+52.00 | h:20.00+33.77]-> H -[r:7.00+45.00 | h:7.00+33.96]-> I -[r:25.00+20.00 | h:25.00+19.45]-> M -[r:20.00 | h:19.45]-> K,72,5,6,4,5.14984130859375e-05,6,5.0401687622070314e-05,5.666141806607417e-06,5
Dijkstra,A,K,True,A -[20.00]-> H -[7.00]-> I -[25.00]-> M -[20.00]-> K,72,5,9,4,5.888938903808594e-05,9,5.60760498046875e-05,4.8110955259816885e-06,5
