algoritmo,origem,destino,encontrou_caminho,caminho,custo_total,num_nos_caminho,num_nos_visitados,num_iteracoes,tempo_execucao,nos_expandidos,tempo_execucao_medio,tempo_desvio_padrao,num_execucoes
BFS,A,K,True,A -[15.00]-> B -[14.00]-> C -[21.00]-> E -[19.00]-> K,69,5,13,4,4.863739013671875e-05,13,4.487037658691406e-05,3.53792606383315e-06,5
DFS,A,K,True,A -[15.00]-> B -[14.00]-> C -[21.00]-> E -[19.00]-> K,69,5,8,4,3.6716461181640625e-05,8,3.7288665771484376e-05,1.7568715502682248e-06,5
B.Gananciosa,A,K,True,A -[20.00]-> H -[7.00]-> I -[25.00]-> M -[20.00]-> K,72,5,5,4,4.9114227294921875e-05,5,4.477500915527344e-05,5.194571294459781e-06,5
A*,A,K,True,A -[r:15.00+54.00 | h:15.00+39.65]-> B -[r:14.00+40.00 | h:14.00+36.51]-> C -[r:21.00+19.00 | h:21.00+18.49]-> E -[r:19.00 | h:18.49]-> K,69,5,8,4,4.8160552978515625e-05,8,5.273818969726562e-05,4.790374535890507e-06,5
Dijkstra,A,K,True,A -[15.00]-> B -[14.00]-> C -[21.00]-> E -[19.00]-> K,69,5,12,4,6.318092346191406e-05,12,6.0892105102539064e-05,6.093915452462881e-06,5
