algoritmo,origem,destino,encontrou_caminho,caminho,custo_total,num_nos_caminho,num_nos_visitados,num_iteracoes,tempo_execucao,nos_expandidos,tempo_execucao_medio,tempo_desvio_padrao,num_execucoes
BFS,A,J,True,A -[15.00]-> B -[14.00]-> C -[21.00]-> E -[23.00]-> J,73,5,12,4,4.9591064453125e-05,12,4.200935363769531e-05,5.927950871907721e-06,5
DFS,A,J,True,A -[15.00]-> B -[14.00]-> C -[21.00]-> E -[23.00]-> J,73,5,5,4,2.956390380859375e-05,5,3.428459167480469e-05,4.571796705357655e-06,5
B.Gananciosa,A,J,True,A -[11.00]-> L -[15.00]-> H -[7.00]-> I -[25.00]-> M -[31.00]-> J,89,6,6,5,5.054473876953125e-05,6,4.506111145019531e-05,4.762407387599511e-06,5
A*,A,J,True,A -[r:15.00+58.00 | h:15.00+49.67]-> B -[r:14.00+44.00 | h:14.00+44.00]-> C -[r:21.00+23.00 | h:21.00+22.38]-> E -[r:23.00 | h:22.38]-> J,73,5,8,4,4.673004150390625e-05,8,4.839897155761719e-05,2.5400252047374864e-06,5
Dijkstra,A,J,True,A -[15.00]-> B -[14.00]-> C -[21.00]-> E -[23.00]-> J,73,5,13,4,5.9604644775390625e-05,13,5.7077407836914064e-05,5.0956916837282355e-06,5
