algoritmo,origem,destino,encontrou_caminho,caminho,custo_total,num_nos_caminho,num_nos_visitados,num_iteracoes,tempo_execucao,nos_expandidos,consumo_memoria,tempo_execucao_medio,tempo_desvio_padrao,consumo_memoria_medio,consumo_memoria_desvio_padrao,num_execucoes
BFS,L,K,True,L -[15.00]-> H -[7.00]-> I -[25.00]-> M -[20.00]-> K,67,5,11,4,4.291534423828125e-05,11,1360,4.119873046875e-05,2.320144772663663e-06,1360,0.0,5
DFS,L,K,True,L -[15.00]-> H -[7.00]-> I -[25.00]-> B -[14.00]-> C -[18.00]-> F -[23.00]-> K,102,7,9,6,4.649162292480469e-05,9,1392,4.582405090332031e-05,2.651703398399216e-06,1392,0.0,5
B.Gananciosa,L,K,True,L -[15.00]-> H -[7.00]-> I -[25.00]-> M -[20.00]-> K,67,5,5,4,4.6253204345703125e-05,5,1296,4.215240478515625e-05,4.008694863911498e-06,1296,0.0,5
AEstrela,L,K,True,L -[r:15.00+52.00 | h:15.00+33.77]-> H -[r:7.00+45.00 | h:7.00+33.96]-> I -[r:25.00+20.00 | h:25.00+19.45]-> M -[r:20.00 | h:19.45]-> K,67,5,6,4,5.125999450683594e-05,6,1296,5.0973892211914065e-05,7.231593555499601e-07,1296,0.0,5
Dijkstra,L,K,True,L -[15.00]-> H -[7.00]-> I -[25.00]-> M -[20.00]-> K,67,5,9,4,5.698204040527344e-05,9,1360,5.7125091552734374e-05,1.6483675019687276e-06,1360,0.0,5
