algoritmo,origem,destino,encontrou_caminho,caminho,custo_total,num_nos_caminho,num_nos_visitados,num_iteracoes,tempo_execucao,nos_expandidos,tempo_execucao_medio,tempo_desvio_padrao,num_execucoes
BFS,L,K,True,L -[15.00]-> H -[7.00]-> I -[25.00]-> M -[20.00]-> K,67,5,11,4,4.2438507080078125e-05,11,4.7779083251953126e-05,1.3160187254940936e-05,5
DFS,L,K,True,L -[15.00]-> H -[7.00]-> I -[25.00]-> B -[14.00]-> C -[18.00]-> F -[23.00]-> K,102,7,9,6,4.8160552978515625e-05,9,4.296302795410156e-05,3.83105347781268e-06,5
B.Gananciosa,L,K,True,L -[15.00]-> H -[7.00]-> I -[25.00]-> M -[20.00]-> K,67,5,5,4,4.38690185546875e-05,5,4.220008850097656e-05,9.594681695870822e-06,5
AEstrela,L,K,True,L -[r:15.00+52.00 | h:15.00+33.77]-> H -[r:7.00+45.00 | h:7.00+33.96]-> I -[r:25.00+20.00 | h:25.00+19.45]-> M -[r:20.00 | h:19.45]-> K,67,5,6,4,4.363059997558594e-05,6,4.08172607421875e-05,4.134345903700484e-06,5
Dijkstra,L,K,True,L -[15.00]-> H -[7.00]-> I -[25.00]-> M -[20.00]-> K,67,5,9,4,5.4836273193359375e-05,9,5.211830139160156e-05,5.420025725701455e-06,5
