algoritmo,origem,destino,encontrou_caminho,caminho,custo_total,num_nos_caminho,num_nos_visitados,num_iteracoes,tempo_execucao,nos_expandidos,tempo_execucao_medio,tempo_desvio_padrao,num_execucoes
BFS,H,J,True,H -[7.00]-> I -[25.00]-> M -[31.00]-> J,63,4,10,3,3.838539123535156e-05,10,3.490447998046875e-05,3.7606705003987035e-06,5
DFS,H,J,True,H -[7.00]-> I -[25.00]-> B -[14.00]-> C -[18.00]-> F -[23.00]-> K -[11.00]-> J,98,7,10,6,3.647804260253906e-05,10,3.8242340087890626e-05,2.922937880759604e-06,5
B.Gananciosa,H,J,True,H -[7.00]-> I -[25.00]-> M -[31.00]-> J,63,4,5,3,3.24249267578125e-05,5,3.509521484375e-05,5.814187922360485e-06,5
A*,H,J,True,H -[r:7.00+56.00 | h:7.00+43.86]-> I -[r:25.00+31.00 | h:25.00+30.19]-> M -[r:31.00 | h:30.19]-> J,63,4,6,3,4.57763671875e-05,6,4.0864944458007814e-05,4.055218992413574e-06,5
Dijkstra,H,J,True,H -[7.00]-> I -[25.00]-> M -[31.00]-> J,63,4,11,3,4.482269287109375e-05,11,4.892349243164062e-05,4.30277834927215e-06,5
