algoritmo,origem,destino,encontrou_caminho,caminho,custo_total,num_nos_caminho,num_nos_visitados,num_iteracoes,tempo_execucao,nos_expandidos,tempo_execucao_medio,tempo_desvio_padrao,num_execucoes
BFS,H,G,True,H -[7.00]-> I -[25.00]-> M -[17.00]-> G,49,4,9,3,5.340576171875e-05,9,4.982948303222656e-05,8.592997212858247e-06,5
DFS,H,G,True,H -[20.00]-> A -[15.00]-> B -[14.00]-> C -[21.00]-> E -[23.00]-> J -[31.00]-> M -[17.00]-> G,141,8,8,7,5.555152893066406e-05,8,4.84466552734375e-05,6.190624604670902e-06,5
B.Gananciosa,H,G,True,H -[7.00]-> I -[25.00]-> M -[17.00]-> G,49,4,4,3,4.38690185546875e-05,4,4.4918060302734376e-05,5.541885889342596e-06,5
A*,H,G,True,H -[r:7.00+42.00 | h:7.00+15.61]-> I -[r:25.00+17.00 | h:25.00+16.55]-> M -[r:17.00 | h:16.55]-> G,49,4,5,3,4.863739013671875e-05,5,5.273818969726562e-05,1.1052957785843958e-05,5
Dijkstra,H,G,True,H -[7.00]-> I -[25.00]-> M -[17.00]-> G,49,4,8,3,5.316734313964844e-05,8,5.1927566528320315e-05,3.4812378403556783e-06,5
